{
    "push": {
        "1": 0.0110970938249304,
        "3": 0.005359084334966389,
        "10": 0.009100930201984343
    },
    "notification": {
        "1": 0.007266349311510214
    },
    "whether": {
        "1": 0.007452281725482701
    },
    "user": {
        "1": 0.007598384072108208,
        "9": 0.018806000578467815
    },
    "configured": {
        "1": 0.007778075963050623
    },
    "bundle": {
        "1": 0.011730912154266337
    },
    "identifier": {
        "1": 0.011793394842759474
    },
    "certificate": {
        "1": 0.015886164172623538,
        "8": 0.005868396466752725
    },
    "application": {
        "1": 0.012602676010180822,
        "3": 0.006086170365892202
    },
    "profileif": {
        "1": 0.008524257990254762
    },
    "step": {
        "1": 0.0085537505143379
    },
    "correct": {
        "1": 0.01287422800621018
    },
    "need": {
        "1": 0.01722294899814673
    },
    "profile": {
        "1": 0.01744439641832853
    },
    "using": {
        "1": 0.01770515811989447,
        "6": 0.020866793498447053
    },
    "developer": {
        "1": 0.008902463125786372
    },
    "distribution": {
        "1": 0.00897505304341478
    },
    "verify": {
        "1": 0.009045124877733752,
        "7": 0.007221510991093882
    },
    "corporate": {
        "1": 0.00919975129616271,
        "2": 0.015703023764139797
    },
    "wifi": {
        "1": 0.01383135815596314
    },
    "status": {
        "2": 0.011728266833317777,
        "3": 0.009954724043889236,
        "4": 0.008950519425426724
    },
    "fire": {
        "2": 0.019933598330318377
    },
    "wall": {
        "2": 0.020306475718389245
    },
    "network": {
        "2": 0.015914208678762965
    },
    "issues": {
        "2": 0.011728266833317777,
        "9": 0.017005986908310778
    },
    "white": {
        "2": 0.011841335187879814
    },
    "list": {
        "2": 0.012056922625746484
    },
    "domains": {
        "2": 0.012259820901687632
    },
    "mentioned": {
        "2": 0.012543400550780641
    },
    "settings": {
        "2": 0.012888515925115064
    },
    "link": {
        "2": 0.016479736183143204,
        "7": 0.007708263698566983
    },
    "httpdocskonycomkonylibrarymessagingkmsconsoleinstallermanualguidewindowsdefaulthtmprerequisiteshtm3ftocpath3d4": {
        "2": 0.012969655571357113
    },
    "message": {
        "3": 0.006280733316816001,
        "10": 0.006666310879904557
    },
    "kms": {
        "3": 0.012031825943921886,
        "4": 0.02163617823249111,
        "5": 0.03806364689049362,
        "6": 0.05872676948819015,
        "10": 0.00972987896845754
    },
    "like": {
        "3": 0.0037535844255534687
    },
    "registered": {
        "3": 0.003963000294295917
    },
    "sender": {
        "3": 0.0041461658693505606
    },
    "cloud": {
        "3": 0.006118037494495902,
        "8": 0.007019763169990634
    },
    "device": {
        "3": 0.007425664482252251,
        "10": 0.007205970266801001
    },
    "right": {
        "3": 0.0033502314190098988
    },
    "away": {
        "3": 0.0033812057588290013
    },
    "\u2019": {
        "3": 0.003548864546074523,
        "5": 0.026945082664639894,
        "8": 0.005429233074218487,
        "10": 0.023676596305911388
    },
    "corresponding": {
        "3": 0.003756241562643959
    },
    "apns": {
        "3": 0.005695346777722868
    },
    "try": {
        "3": 0.0038548719205672463
    },
    "gcm": {
        "3": 0.0058907585718075365,
        "7": 0.012985005453984353
    },
    "resolve": {
        "3": 0.004026472570775699,
        "5": 0.007642841453787206
    },
    "please": {
        "3": 0.004102139140869235,
        "4": 0.011064980577344646
    },
    "means": {
        "3": 0.006337658546760485,
        "4": 0.01139666668496403,
        "5": 0.008019876556085798,
        "6": 0.020622539715649195
    },
    "server": {
        "3": 0.006430901201959667,
        "7": 0.028351284868854444,
        "8": 0.013117758670663997
    },
    "key": {
        "3": 0.0064841221446487515,
        "7": 0.03573239353905898
    },
    "google": {
        "3": 0.006518557018907572,
        "7": 0.007184431122989528
    },
    "project": {
        "3": 0.004368133477539714,
        "7": 0.014443021982187764
    },
    "firewall": {
        "3": 0.006739273442909403,
        "7": 0.02228308154510367,
        "8": 0.0068733883372956595
    },
    "proxy": {
        "3": 0.006782530226677516,
        "8": 0.013835011905163093
    },
    "apple": {
        "3": 0.004654326462893332,
        "8": 0.014240849625270642
    },
    "requests": {
        "3": 0.004678820044484625,
        "5": 0.008881093602956929
    },
    "due": {
        "3": 0.004771072320216345,
        "8": 0.0036495142747923533
    },
    "reasons": {
        "3": 0.004785633930183834
    },
    "kony": {
        "3": 0.007199972086577745
    },
    "mobilefabric": {
        "3": 0.004807076766007029
    },
    "messaging": {
        "3": 0.00722118136555711
    },
    "respective": {
        "3": 0.004834953226928059
    },
    "designated": {
        "3": 0.004841799639277959
    },
    "sending": {
        "3": 0.004585834503212114
    },
    "scheduled": {
        "3": 0.004926688787560524,
        "10": 0.005976160955324896
    },
    "messages": {
        "3": 0.004939117105392163,
        "10": 0.014978091813689249
    },
    "authentication": {
        "4": 0.025241002871561797
    },
    "data": {
        "4": 0.011899443623813264
    },
    "authkony": {
        "4": 0.008861304815753878
    },
    "rest": {
        "4": 0.009120357638946648,
        "6": 0.03300700859809263
    },
    "service": {
        "4": 0.009201335688069684
    },
    "authenticationto": {
        "4": 0.009279896117410952
    },
    "use": {
        "4": 0.011660044207482402
    },
    "follow": {
        "4": 0.012486663495692763,
        "5": 0.008786911348820833
    },
    "linkhttpdocskonycomkonylibrarymessagingengagementapiguidecontentapisforkonymessagingservicesauthenticationapihtmon2": {
        "4": 0.009356179109182666
    },
    "allow": {
        "5": 0.008528092937014984
    },
    "cross": {
        "5": 0.009203357962177779
    },
    "find": {
        "5": 0.007758619892641528
    },
    "\u2018": {
        "5": 0.01220680320742344,
        "10": 0.015601594631973156
    },
    "check": {
        "5": 0.01337377004683046,
        "8": 0.005389429720364514
    },
    "box": {
        "5": 0.019077706691584144
    },
    "api": {
        "6": 0.027798716415075902
    },
    "reason": {
        "7": 0.00742769384836789
    },
    "could": {
        "7": 0.009139397884052311
    },
    "enabled": {
        "7": 0.007521675958245269,
        "8": 0.006960356856883682
    },
    "given": {
        "7": 0.010509988832327361,
        "9": 0.01629048269010741
    },
    "appropriate": {
        "7": 0.0073618519217223165
    },
    "\u201c": {
        "8": 0.004919159501498999
    },
    "connectivity": {
        "8": 0.004973439567425677
    },
    "\u201d": {
        "8": 0.005155041252971744
    },
    "uploading": {
        "8": 0.003708815895205971
    },
    "development": {
        "8": 0.0038282826230769205
    },
    "production": {
        "8": 0.003938891536739192
    },
    "section": {
        "8": 0.004743363925892456
    },
    "shown": {
        "8": 0.004041865971794343
    },
    "configureresourceproperties": {
        "8": 0.004743363925892456
    },
    "kpnswebinfclasses": {
        "8": 0.004804292275922687
    },
    "values": {
        "8": 0.005025814671621603
    },
    "issue": {
        "8": 0.005389429720364514,
        "9": 0.018054589563221122
    },
    "still": {
        "8": 0.013892418955694099
    },
    "commented": {
        "8": 0.005429233074218487
    },
    "database": {
        "8": 0.008313967313517107
    },
    "table": {
        "8": 0.005648044229728748,
        "10": 0.011195827319284797
    },